-- ============================================================
-- КОНТАКТНЫЕ ЛИЦА (contacts)
-- gender_id: 7-8, residency_id: 12-13, client_type_id: 1-6
-- role_id: 96-99, language_id: 9-11
-- ============================================================

INSERT INTO "client"."contacts" (id, client_id, last_name, first_name, middle_name, gender_id, position, residency_id, code_word, verification_password, client_type_id, role_id, language_id, date_of_birth, do_not_disturb, is_active) VALUES
  (1,  1,  'Сатыбалдиев',  'Марат',    'Кенесович',   7, 'Технический директор',  12, 'ТД2026B',   '$2a$10$z01', 3, 96, 9,  '1981-03-15', false, true),
  (2,  1,  'Ковалёва',      'Ирина',    'Дмитриевна',  8, 'Главный бухгалтер',     12, 'БУХ2026B',  '$2a$10$z02', 3, 98, 9,  '1976-09-22', false, true),
  (3,  2,  'Аманжолов',     'Нуржан',   'Маратович',   7, 'Финансовый директор',   12, 'ФД2026B',   '$2a$10$z03', 3, 96, 10, '1983-06-10', false, true),
  (4,  2,  'Степанова',     'Мария',    'Олеговна',    8, 'IT-менеджер',           12, 'ИТ2026B',   '$2a$10$z04', 3, 97, 9,  '1989-04-25', true,  true),
  (5,  3,  'Williams',      'David',    'James',        7, 'Regional Manager',      13, 'GLM2026',   '$2a$10$z05', 3, 96, 11, '1978-11-08', false, true),
  (6,  4,  'Бекенова',      'Гульмира', 'Ерлановна',   8, 'Коммерческий директор', 12, 'КД2026B',   '$2a$10$z06', 3, 96, 9,  '1984-02-28', false, true),
  (7,  4,  'Ибраев',        'Мурат',    'Серикович',   7, 'Бухгалтер',             12, 'Б2026B',    '$2a$10$z07', 3, 98, 10, '1991-10-14', false, true),
  (8,  5,  'Чен',           'Антон',    'Викторович',  7, 'CTO',                   12, 'СТО2026B',  '$2a$10$z08', 3, 97, 9,  '1986-05-30', false, true),
  (9,  5,  'Ахметжанова',   'Лаура',    'Кайратовна',  8, 'Менеджер закупок',      12, 'МЗ2026B',   '$2a$10$z09', 3, 99, 10, '1992-01-20', false, true),
  (10, 6,  'Касымбеков',    'Бахыт',    'Муратович',   7, 'Директор',              12, 'ДИР2026B',  '$2a$10$z10', 3, 96, 9,  '1978-06-17', false, true),
  (11, 7,  'Нурмухамбетова','Айгуль',   'Серикбаевна', 8, 'Логист',                12, 'ЛОГ2026B',  '$2a$10$z11', 3, 99, 9,  '1994-03-09', false, true),
  (12, 8,  'Искаков',       'Тимур',    'Бауыржанович',7, 'Главный инженер',       12, 'ГИ2026B',   '$2a$10$z12', 3, 97, 10, '1982-04-22', false, true),
  (13, 8,  'Турсунова',     'Динара',   'Маратовна',   8, 'Финансовый менеджер',   12, 'ФМ2026B',   '$2a$10$z13', 3, 98, 9,  '1988-08-15', false, true),
  (14, 9,  'Brown',         'Robert',   'Michael',      7, 'Operations Director',   13, 'ОД2026B',   '$2a$10$z14', 3, 96, 11, '1977-01-30', false, true),
  (15, 11, 'Жумагалиев',    'Ерлан',    'Бакытович',   7, 'Генеральный директор',  12, 'ГД2026B',   '$2a$10$z15', 3, 96, 9,  '1975-07-19', false, true),
  (16, 11, 'Сарсенбаева',   'Жанна',    'Ерлановна',   8, 'Главный бухгалтер',     12, 'ГБ2026B',   '$2a$10$z16', 3, 98, 9,  '1981-05-12', false, true),
  (17, 14, 'Тлеубаев',      'Асхат',    'Нурланович',  7, 'Зам. директора',        12, 'ЗД2026B',   '$2a$10$z17', 3, 96, 9,  '1979-10-05', false, true),
  (18, 18, 'Утемисов',      'Рустем',   'Канатович',   7, 'Технический директор',  12, 'ТД18_26B',  '$2a$10$z18', 3, 97, 9,  '1985-03-28', false, true),
  (19, 18, 'Жакупова',      'Айнур',    'Асылбековна', 8, 'Финансовый контролёр',  12, 'ФК2026B',   '$2a$10$z19', 3, 98, 10, '1987-09-11', false, true),
  (20, 22, 'Бисенбаев',     'Дархан',   'Маратович',   7, 'Председатель правления',12, 'ПП2026B',   '$2a$10$z20', 3, 96, 9,  '1971-04-18', false, true),
  (21, 22, 'Мухамеджанова', 'Сауле',    'Кенесовна',   8, 'CFO',                   12, 'СФО2026B',  '$2a$10$z21', 3, 98, 9,  '1980-02-14', false, true),
  (22, 22, 'Токтасынов',    'Ерболат',  'Серикович',   7, 'IT директор',           12, 'ИТД2026B',  '$2a$10$z22', 3, 97, 9,  '1987-08-22', false, true),
  (23, 25, 'Кенжебаев',     'Самат',    'Маратович',   7, 'Начальник производства',12, 'НП2026B',   '$2a$10$z23', 3, 97, 10, '1984-06-03', false, true),
  (24, 29, 'Абдикаримов',   'Нурлан',   'Бакытович',   7, 'Генеральный директор',  12, 'ГД29_26B',  '$2a$10$z24', 3, 96, 9,  '1973-12-20', false, true),
  (25, 29, 'Байзакова',     'Мадина',   'Ерлановна',   8, 'Бухгалтер',             12, 'Б29_26B',   '$2a$10$z25', 3, 98, 9,  '1986-03-15', false, true);


-- ============================================================
-- КОНТАКТНАЯ ИНФОРМАЦИЯ КОНТАКТНЫХ ЛИЦ (contact_contact)
-- contact_type_id: 103=PHONE, 104=EMAIL, 106=TELEGRAM
-- ============================================================

INSERT INTO "client"."contact_contact" (id, contact_id, contact_type_id, value, is_primary) VALUES
  (1,  1,  103, '+77018887701', true),    (2,  1,  104, 'm.satybaldiev@astanadigital.kz', true),
  (3,  2,  103, '+77018887702', true),    (4,  2,  104, 'i.kovaleva@astanadigital.kz', true),
  (5,  3,  103, '+77018887703', true),    (6,  3,  104, 'n.amanzholov@almapromtech.kz', true),
  (7,  4,  103, '+77018887704', true),    (8,  4,  104, 'm.stepanova@almapromtech.kz', true),
  (9,  5,  103, '+77088887705', true),    (10, 5,  104, 'd.williams@globalmining.kz', true),
  (11, 6,  103, '+77018887706', true),    (12, 6,  104, 'g.bekenova@stolretail.kz', true),
  (13, 7,  103, '+77018887707', true),    (14, 7,  104, 'm.ibraev@stolretail.kz', true),
  (15, 8,  103, '+77018887708', true),    (16, 8,  104, 'a.chen@almasoft.kz', true),
  (17, 9,  103, '+77018887709', true),    (18, 9,  104, 'l.akhmetzhanova@almasoft.kz', true),
  (19, 10, 103, '+77018887710', true),    (20, 10, 104, 'b.kasymbekov@karagandastroy.kz', true),
  (21, 11, 103, '+77018887711', true),    (22, 11, 104, 'a.nurmuhambetova@shymkentlog.kz', true),
  (23, 12, 103, '+77018887712', true),    (24, 12, 104, 't.iskakov@atyrauneftegas.kz', true),
  (25, 13, 103, '+77018887713', true),    (26, 13, 104, 'd.tursunova@atyrauneftegas.kz', true),
  (27, 14, 103, '+77088887714', true),    (28, 14, 104, 'r.brown@aktobeminer.kz', true),
  (29, 15, 103, '+77018887715', true),    (30, 15, 104, 'e.zhumagaliev@pavenergo.kz', true),
  (31, 16, 103, '+77018887716', true),    (32, 16, 104, 'zh.sarsenbaeva@pavenergo.kz', true),
  (33, 17, 103, '+77018887717', true),    (34, 17, 104, 'a.tleubaev@petroagro.kz', true),
  (35, 18, 103, '+77018887718', true),    (36, 18, 104, 'r.utemisov@taldychim.kz', true),
  (37, 19, 103, '+77018887719', true),    (38, 19, 104, 'a.zhakupova@taldychim.kz', true),
  (39, 20, 103, '+77018887720', true),    (40, 20, 104, 'd.bisenbaev@astanafincap.kz', true),
  (41, 21, 103, '+77018887721', true),    (42, 21, 104, 's.mukhamedzhanova@astanafincap.kz', true),
  (43, 22, 103, '+77018887722', true),    (44, 22, 104, 'e.toktasynov@astanafincap.kz', true),
  (45, 23, 103, '+77018887723', true),    (46, 23, 104, 's.kenzhebaev@shymmetal.kz', true),
  (47, 24, 103, '+77018887724', true),    (48, 24, 104, 'n.abdikarimov@pavgorn.kz', true),
  (49, 25, 103, '+77018887725', true),    (50, 25, 104, 'm.baizakova@pavgorn.kz', true);


-- ============================================================
-- УДОСТОВЕРЯЮЩИЕ ДОКУМЕНТЫ КОНТАКТНЫХ ЛИЦ
-- document_type_id: 56=PASSPORT, 57=ID_CARD
-- ============================================================

INSERT INTO "client"."contact_id_documents" (id, contact_id, document_type_id, document_number, issued_by, expiry_date) VALUES
  (1,  1,  57, '042221001', 'МВД РК',          '2030-03-15'),
  (2,  2,  57, '042221002', 'МВД РК',          '2029-09-22'),
  (3,  3,  57, '042221003', 'МВД РК',          '2031-06-10'),
  (4,  5,  56, 'GB9876543', 'UK Home Office',  '2033-11-08'),
  (5,  14, 56, 'US5678901', 'US State Dept',   '2032-01-30'),
  (6,  15, 57, '042221006', 'МВД РК',          '2030-07-19'),
  (7,  20, 57, '042221007', 'МВД РК',          '2029-04-18'),
  (8,  24, 57, '042221008', 'МВД РК',          '2031-12-20');

-- КАРЬЕРА
INSERT INTO "client"."contact_careers" (id, contact_id, company_name, position, start_date, end_date, is_current) VALUES
  (1,  1,  'АО «Астана Диджитал Групп»',    'Технический директор',  '2021-04-01', NULL,         true),
  (2,  1,  'АО «Казахтелеком»',              'Старший инженер',        '2013-06-15', '2021-03-31', false),
  (3,  3,  'ТОО «Алматы ПромТех»',          'Финансовый директор',   '2022-03-01', NULL,         true),
  (4,  5,  'Global Mining Solutions Ltd.',    'Regional Manager',      '2022-06-01', NULL,         true),
  (5,  6,  'АО «Столичный Ритейл»',         'Коммерческий директор', '2020-11-01', NULL,         true),
  (6,  8,  'ТОО «Алма-Софт»',               'CTO',                   '2023-04-01', NULL,         true),
  (7,  8,  'BI Group IT',                     'Team Lead',              '2019-01-15', '2023-03-31', false),
  (8,  15, 'АО «Павлодар Энерго»',           'Генеральный директор',  '2019-06-01', NULL,         true),
  (9,  20, 'АО «Астана ФинКапитал»',         'Председатель правления','2018-03-15', NULL,         true),
  (10, 24, 'АО «Павлодар ГорнРуда»',         'Генеральный директор',  '2017-09-01', NULL,         true);

-- АДРЕСА КОНТАКТНЫХ ЛИЦ
-- address_type_id: 101=ACTUAL, city_region_id: 70-87
INSERT INTO "client"."contact_addresses" (id, contact_id, address_type_id, city_region_id, full_address) VALUES
  (1,  1,  101, 71, 'г. Астана, мкр. Есиль, д. 28, кв. 95'),
  (2,  3,  101, 70, 'г. Алматы, пр. Аль-Фараби 55, кв. 210'),
  (3,  5,  101, 74, 'г. Актобе, ул. Маресьева 18, кв. 7'),
  (4,  6,  101, 71, 'г. Астана, ул. Сарайшык 9, кв. 68'),
  (5,  8,  101, 70, 'г. Алматы, ул. Ходжанова 44, кв. 155'),
  (6,  12, 101, 75, 'г. Атырау, ул. Махамбета 22, кв. 30'),
  (7,  15, 101, 76, 'г. Павлодар, ул. Торайгырова 15, кв. 8'),
  (8,  18, 101, 85, 'г. Талдыкорган, ул. Абая 55, кв. 42'),
  (9,  20, 101, 71, 'г. Астана, пр. Кабанбай батыра 80, кв. 15'),
  (10, 24, 101, 76, 'г. Павлодар, ул. Ак. Сатпаева 70, кв. 3');
