-- ============================================================
-- ДОГОВОРЫ (contracts)
-- contract_type_id: 42-44, status_id: 45-47
-- payment_form_id: 48-50, currency_id: 38-39
-- ============================================================

INSERT INTO "client"."contracts" (id, client_id, registration_number, start_date, end_date, contract_type_id, status_id, responsible_kcell_id, responsible_contact_id, billing_account_id, balance, total_amount, payment_form_id, is_debtor, residual_value, currency_id, parent_contract_id, is_open_incomplete) VALUES
  (1,  1,  'KC-2025-1001',      '2025-02-01', '2028-01-31', 42, 46, 4,  1,    1,  1800000.00, 5200000.00,  50, false, NULL,     38, NULL, false),
  (2,  1,  'KC-2025-1001/S1',   '2025-04-15', '2028-01-31', 43, 46, 4,  1,    1,  0.00,       600000.00,   50, false, NULL,     38, 1,    false),
  (3,  2,  'KC-2024-1015',      '2024-07-01', '2027-06-30', 42, 46, 4,  3,    2,  3100000.00, 9200000.00,  48, false, NULL,     38, NULL, false),
  (4,  2,  'KC-2024-1015/DS1',  '2025-10-01', '2027-06-30', 44, 46, 4,  3,    2,  0.00,       350000.00,   48, false, NULL,     38, 3,    false),
  (5,  3,  'KC-2025-1030',      '2025-11-01', '2026-10-31', 42, 46, 4,  5,    3,  620000.00,  1400000.00,  50, true,  60000.00,39, NULL, false),
  (6,  4,  'KC-2025-1040',      '2025-03-01', '2028-02-28', 42, 46, 9,  6,    4,  2900000.00, 6200000.00,  50, false, NULL,     38, NULL, false),
  (7,  4,  'KC-2025-1040/S1',   '2025-05-15', '2028-02-28', 43, 46, 9,  6,    4,  0.00,       450000.00,   50, false, NULL,     38, 6,    false),
  (8,  5,  'KC-2025-1050',      '2025-04-01', '2028-03-31', 42, 46, 9,  8,    5,  2100000.00, 4500000.00,  50, false, NULL,     38, NULL, false),
  (9,  5,  'KC-2025-1050/DS1',  '2025-07-01', '2028-03-31', 44, 46, 9,  8,    5,  0.00,       700000.00,   50, false, NULL,     38, 8,    false),
  (10, 6,  'KC-2025-1060',      '2025-06-01', '2026-05-31', 42, 46, 11, 10,   6,  830000.00,  1000000.00,  48, false, NULL,     38, NULL, false),
  (11, 7,  'KC-2025-1070',      '2025-05-01', '2026-04-30', 42, 46, 11, 11,   7,  470000.00,  650000.00,   48, false, NULL,     38, NULL, false),
  (12, 8,  'KC-2025-1080',      '2025-02-15', '2027-02-14', 42, 46, 4,  12,   8,  1050000.00, 2700000.00,  50, false, NULL,     38, NULL, false),
  (13, 8,  'KC-2025-1080/S1',   '2025-04-01', '2027-02-14', 43, 46, 4,  12,   8,  0.00,       400000.00,   50, false, NULL,     38, 12,   false),
  (14, 9,  'KC-2025-1090',      '2025-08-01', '2026-07-31', 42, 46, 4,  14,   9,  1250000.00, 2000000.00,  50, false, NULL,     39, NULL, false),
  (15, 10, 'KC-2025-1100',      '2025-07-15', '2026-07-14', 42, 46, 11, NULL, 10, 410000.00,  550000.00,   48, false, NULL,     38, NULL, false),
  (16, 11, 'KC-2024-1110',      '2024-10-01', '2027-09-30', 42, 46, 9,  15,   11, 5100000.00, 13500000.00, 50, false, NULL,     38, NULL, false),
  (17, 11, 'KC-2024-1110/S1',   '2025-01-01', '2027-09-30', 43, 46, 9,  15,   11, 0.00,       1700000.00,  50, false, NULL,     38, 16,   false),
  (18, 11, 'KC-2024-1110/DS1',  '2025-03-01', '2027-09-30', 44, 46, 9,  15,   11, 0.00,       900000.00,   50, false, NULL,     38, 16,   false),
  (19, 12, 'KC-2025-1120',      '2025-09-01', '2026-08-31', 42, 46, 11, NULL, 12, 320000.00,  400000.00,   48, false, NULL,     38, NULL, false),
  (20, 13, 'KC-2025-1130',      '2025-06-15', '2026-06-14', 42, 46, 11, NULL, 13, 590000.00,  800000.00,   48, false, NULL,     38, NULL, false),
  (21, 14, 'KC-2025-1140',      '2025-03-10', '2027-03-09', 42, 46, 9,  17,   14, 1300000.00, 3300000.00,  50, false, NULL,     38, NULL, false),
  (22, 14, 'KC-2025-1140/S1',   '2025-05-01', '2027-03-09', 43, 46, 9,  17,   14, 0.00,       550000.00,   50, false, NULL,     38, 21,   false),
  (23, 15, 'KC-2025-1150',      '2025-08-20', '2026-08-19', 42, 46, 11, NULL, 15, 720000.00,  850000.00,   48, false, NULL,     38, NULL, false),
  (24, 16, 'KC-2025-1160',      '2025-10-01', '2026-09-30', 42, 46, 4,  NULL, 16, 880000.00,  1200000.00,  50, false, NULL,     39, NULL, false),
  (25, 17, 'KC-2025-1170',      '2025-12-01', '2026-11-30', 42, 46, 11, NULL, 17, 340000.00,  450000.00,   48, false, NULL,     38, NULL, false),
  (26, 18, 'KC-2024-1180',      '2024-09-01', '2027-08-31', 42, 46, 9,  18,   18, 2400000.00, 6000000.00,  50, false, NULL,     38, NULL, false),
  (27, 18, 'KC-2024-1180/DS1',  '2024-11-01', '2027-08-31', 44, 46, 9,  18,   18, 0.00,       500000.00,   50, false, NULL,     38, 26,   false),
  (28, 19, 'KC-2025-1190',      '2025-11-01', '2026-10-31', 42, 46, 11, NULL, 19, 490000.00,  600000.00,   48, false, NULL,     38, NULL, false),
  (29, 20, 'KC-2025-1200',      '2025-12-15', '2026-12-14', 42, 46, 11, NULL, 20, 390000.00,  500000.00,   48, false, NULL,     38, NULL, false),
  (30, 21, 'KC-2025-1210',      '2025-10-10', '2026-10-09', 42, 46, 11, NULL, 21, 560000.00,  750000.00,   50, false, NULL,     38, NULL, false),
  (31, 22, 'KC-2024-1220',      '2024-05-01', '2027-04-30', 42, 46, 4,  20,   22, 6200000.00, 20000000.00, 50, false, NULL,     38, NULL, false),
  (32, 22, 'KC-2024-1220/S1',   '2024-07-01', '2027-04-30', 43, 46, 4,  22,   22, 0.00,       2200000.00,  50, false, NULL,     38, 31,   false),
  (33, 22, 'KC-2024-1220/DS1',  '2025-02-01', '2027-04-30', 44, 46, 4,  20,   22, 0.00,       1400000.00,  50, false, NULL,     38, 31,   false),
  (34, 23, 'KC-2025-1230',      '2025-09-01', '2026-08-31', 42, 46, 9,  NULL, 23, 520000.00,  650000.00,   50, false, NULL,     38, NULL, false),
  (35, 24, 'KC-2025-1240',      '2025-07-01', '2026-06-30', 42, 46, 11, NULL, 24, 680000.00,  850000.00,   48, false, NULL,     38, NULL, false),
  (36, 25, 'KC-2025-1250',      '2025-04-15', '2027-04-14', 42, 46, 9,  23,   25, 1450000.00, 3500000.00,  50, false, NULL,     38, NULL, false),
  (37, 25, 'KC-2025-1250/DS1',  '2025-06-01', '2027-04-14', 44, 46, 9,  23,   25, 0.00,       450000.00,   50, false, NULL,     38, 36,   false),
  (38, 26, 'KC-2025-1260',      '2025-11-01', '2026-10-31', 42, 46, 4,  NULL, 26, 840000.00,  1100000.00,  50, false, NULL,     38, NULL, false),
  (39, 27, 'KC-2025-1270',      '2025-12-01', '2026-11-30', 42, 46, 11, NULL, 27, 460000.00,  600000.00,   48, false, NULL,     38, NULL, false),
  (40, 28, 'KC-2025-1280',      '2025-08-01', '2026-07-31', 42, 46, 11, NULL, 28, 610000.00,  800000.00,   50, false, NULL,     38, NULL, false),
  (41, 29, 'KC-2024-1290',      '2024-11-01', '2027-10-31', 42, 46, 9,  24,   29, 4200000.00, 11000000.00, 50, false, NULL,     38, NULL, false),
  (42, 29, 'KC-2024-1290/S1',   '2025-04-01', '2027-10-31', 43, 46, 9,  24,   29, 0.00,       900000.00,   50, false, NULL,     38, 41,   false),
  (43, 30, 'KC-2026-1300',      '2026-01-01', '2026-12-31', 42, 46, 11, NULL, 30, 370000.00,  460000.00,   48, false, NULL,     38, NULL, false),
  -- B2C
  (44, 31, 'KC-2026-C001',  '2026-02-15', '2027-02-14', 42, 46, 7,  NULL, 31, 28000.00,  119880.00, 49, false, NULL, 38, NULL, false),
  (45, 32, 'KC-2026-C002',  '2026-03-01', '2027-02-28', 42, 46, 7,  NULL, 32, 17000.00,  119880.00, 49, false, NULL, 38, NULL, false),
  (46, 33, 'KC-2026-C003',  '2026-01-05', '2027-01-04', 42, 46, 12, NULL, 33, 35000.00,  71880.00,  49, false, NULL, 38, NULL, false),
  (47, 34, 'KC-2026-C004',  '2026-02-01', '2027-01-31', 42, 46, 7,  NULL, 34, 20000.00,  119880.00, 49, false, NULL, 38, NULL, false),
  (48, 35, 'KC-2025-C005',  '2025-12-15', '2026-12-14', 42, 46, 12, NULL, 35, 48000.00,  119880.00, 49, false, NULL, 38, NULL, false),
  (49, 36, 'KC-2025-C006',  '2025-11-10', '2026-11-09', 42, 46, 7,  NULL, 36, 24000.00,  71880.00,  49, false, NULL, 38, NULL, false),
  (50, 37, 'KC-2026-C007',  '2026-02-05', '2027-02-04', 42, 46, 12, NULL, 37, 30000.00,  119880.00, 49, false, NULL, 38, NULL, false),
  (51, 38, 'KC-2026-C008',  '2026-01-01', '2026-12-31', 42, 46, 7,  NULL, 38, 38000.00,  71880.00,  49, false, NULL, 38, NULL, false),
  (52, 39, 'KC-2026-C009',  '2026-03-01', '2027-02-28', 42, 46, 12, NULL, 39, 14000.00,  71880.00,  49, false, NULL, 38, NULL, false),
  (53, 40, 'KC-2025-C010',  '2025-12-01', '2026-11-30', 42, 46, 7,  NULL, 40, 53000.00,  119880.00, 49, false, NULL, 38, NULL, false),
  (54, 41, 'KC-2026-C011',  '2026-02-10', '2027-02-09', 42, 46, 12, NULL, 41, 21000.00,  71880.00,  49, false, NULL, 38, NULL, false),
  (55, 42, 'KC-2026-C012',  '2026-01-15', '2027-01-14', 42, 46, 7,  NULL, 42, 29000.00,  119880.00, 49, false, NULL, 38, NULL, false),
  (56, 43, 'KC-2026-C013',  '2026-03-05', '2027-03-04', 42, 46, 12, NULL, 43, 33000.00,  71880.00,  49, false, NULL, 38, NULL, false),
  (57, 44, 'KC-2025-C014',  '2025-11-20', '2026-11-19', 42, 46, 7,  NULL, 44, 44000.00,  119880.00, 49, false, NULL, 38, NULL, false),
  (58, 45, 'KC-2026-C015',  '2026-02-20', '2027-02-19', 42, 46, 12, NULL, 45, 18000.00,  71880.00,  49, false, NULL, 38, NULL, false),
  -- Черновик
  (59, 46, 'KC-2026-DRAFT-02', '2026-04-01', NULL, 42, 45, 4, NULL, NULL, 0.00, 0.00, 48, false, NULL, 38, NULL, true),
  -- Расторгнутый
  (60, 49, 'KC-2023-EX02',  '2023-07-01', '2025-06-30', 42, 47, 4, NULL, NULL, 0.00, 1400000.00, 50, false, NULL, 38, NULL, false);

-- ПРОДУКТЫ ДОГОВОРОВ
INSERT INTO "client"."contract_products" (id, contract_id, product_id, service_start_date, service_end_date, quantity, one_time_fee, monthly_fee, promotion, discount, total_amount) VALUES
  (1,  1,  1, '2025-02-01', '2028-01-31', 60,  0.00,      2800.00,  NULL,                    25.00, 4536000.00),
  (2,  1,  3, '2025-02-01', '2028-01-31', 1,   60000.00,  95000.00, NULL,                    0.00,  3480000.00),
  (3,  2,  4, '2025-04-15', '2028-01-31', 1,   120000.00, 50000.00, 'Промо VPN: -15% 1 год', 15.00, 600000.00),
  (4,  3,  1, '2024-07-01', '2027-06-30', 120, 0.00,      3800.00,  NULL,                    15.00, 13953600.00),
  (5,  3,  2, '2024-07-01', '2027-06-30', 15,  30000.00,  16000.00, NULL,                    0.00,  9090000.00),
  (6,  4,  6, '2025-10-01', '2027-06-30', 250, 600.00,    250.00,   NULL,                    0.00,  1462500.00),
  (7,  5,  1, '2025-11-01', '2026-10-31', 25,  0.00,      4200.00,  NULL,                    0.00,  1260000.00),
  (8,  5,  3, '2025-11-01', '2026-10-31', 1,   35000.00,  55000.00, NULL,                    0.00,  695000.00),
  (9,  6,  1, '2025-03-01', '2028-02-28', 90,  0.00,      3000.00,  NULL,                    20.00, 7776000.00),
  (10, 6,  3, '2025-03-01', '2028-02-28', 2,   45000.00,  70000.00, NULL,                    0.00,  5130000.00),
  (11, 7,  5, '2025-05-15', '2028-02-28', 1,   90000.00,  38000.00, NULL,                    0.00,  1346000.00),
  (12, 8,  1, '2025-04-01', '2028-03-31', 35,  0.00,      3200.00,  NULL,                    10.00, 3628800.00),
  (13, 8,  4, '2025-04-01', '2028-03-31', 1,   130000.00, 55000.00, NULL,                    30.00, 1516000.00),
  (14, 9,  12,'2025-07-01', '2028-03-31', 2,   220000.00, 85000.00, NULL,                    0.00,  3260000.00),
  (15, 16, 1, '2024-10-01', '2027-09-30', 250, 0.00,      2200.00,  NULL,                    20.00, 19008000.00),
  (16, 16, 2, '2024-10-01', '2027-09-30', 25,  18000.00,  13000.00, NULL,                    0.00,  12150000.00),
  (17, 16, 4, '2024-10-01', '2027-09-30', 5,   55000.00,  32000.00, 'VPN: 15 узлов бесплатно', 0.00, 6035000.00),
  (18, 17, 5, '2025-01-01', '2027-09-30', 1,   160000.00, 58000.00, NULL,                    0.00,  2064000.00),
  (19, 18, 12,'2025-03-01', '2027-09-30', 3,   110000.00, 95000.00, NULL,                    0.00,  3360000.00),
  (20, 31, 1, '2024-05-01', '2027-04-30', 600, 0.00,      2000.00,  'VIP: безлимит+24/7',    25.00, 16200000.00),
  (21, 31, 2, '2024-05-01', '2027-04-30', 60,  22000.00,  11000.00, NULL,                    10.00, 22032000.00),
  (22, 31, 3, '2024-05-01', '2027-04-30', 4,   90000.00,  180000.00,NULL,                    0.00,  26280000.00),
  (23, 32, 4, '2024-07-01', '2027-04-30', 12,  55000.00,  28000.00, NULL,                    0.00,  11796000.00),
  (24, 32, 5, '2024-07-01', '2027-04-30', 1,   220000.00, 75000.00, NULL,                    0.00,  2720000.00),
  (25, 33, 6, '2025-02-01', '2027-04-30', 1200,350.00,    120.00,   NULL,                    0.00,  4260000.00),
  (26, 41, 1, '2024-11-01', '2027-10-31', 180, 0.00,      2400.00,  NULL,                    15.00, 13219200.00),
  (27, 41, 3, '2024-11-01', '2027-10-31', 2,   70000.00,  80000.00, NULL,                    0.00,  5900000.00),
  (28, 42, 4, '2025-04-01', '2027-10-31', 3,   90000.00,  42000.00, NULL,                    0.00,  1566000.00),
  (29, 44, 10,'2026-02-15', '2027-02-14', 1,   0.00,      9990.00,  NULL,                    0.00,  119880.00),
  (30, 45, 10,'2026-03-01', '2027-02-28', 1,   0.00,      9990.00,  NULL,                    0.00,  119880.00),
  (31, 46, 11,'2026-01-05', '2027-01-04', 1,   0.00,      5990.00,  NULL,                    0.00,  71880.00),
  (32, 53, 10,'2025-12-01', '2026-11-30', 1,   0.00,      9990.00,  'Кэшбек 7%',             7.00,  111488.40);

-- СВЯЗАННЫЕ ДОГОВОРЫ
INSERT INTO "client"."related_contracts" (id, contract_id, related_contract_id) VALUES
  (1,1,2),(2,3,4),(3,6,7),(4,8,9),(5,12,13),(6,16,17),(7,16,18),(8,21,22),(9,26,27),(10,31,32),(11,31,33),(12,36,37),(13,41,42);

-- ШАБЛОНЫ ДОГОВОРОВ
-- contract_type_id: 42-44
INSERT INTO "client"."contract_templates" (id, contract_type_id, template_name, template_file_path, is_active) VALUES
  (1, 42, 'Шаблон основного договора B2B',     '/templates/contract_b2b_main.docx',     true),
  (2, 43, 'Шаблон спецификации',               '/templates/contract_specification.docx', true),
  (3, 44, 'Шаблон дополнительного соглашения', '/templates/contract_addendum.docx',      true),
  (4, 42, 'Шаблон основного договора B2C',     '/templates/contract_b2c_main.docx',     true);
